Image,Brand,Polish,Color,Finishes/Types,Link,Coats,Rating,Notes
,A England,Rose Bower,Red,"Micro Holo Glitter, Shimmer",http://thepolishwell.blogspot.com/2013/08/a-england-rose-bower-order-of-garter.html,,,
,Arcane Lacquer,Engage Within,Blue,"Shimmer, Duochrome",,,,
,Barry M,Mediterranean,Multi,"Duochrome, Metallic",https://rainbowifyme.blogspot.com/2015/02/barry-m-pacific-and-mediterranean.html,,,
,Barry M,Socialite,Pink,"Iridescent Glitter, Shimmer, Shifty",https://nail-lacquer.co.uk/barry-m-glitterati/,2,B+,"thinned this out but could use more thinner, is probably an A"
,Barry M,Vintage Violet,Purple,Creme,http://www.thevegantaff.com/2015/03/manicure-monday-barry-m-vintage-violet.html,2,A,"great formula, skinny brush tho"
,Barry M Gelly Hi-Shine,Almond,Gray,Creme,http://www.britnails.co.uk/2014/05/barry-m-gelly-nail-paint-summer-2014.html,,,
,Barry M Gelly Hi-Shine,Cardamom,Green,Creme,https://www.britnails.co.uk/2014/08/barry-m-autumnwinter-2014-gelly-nail.html#more,,,
,Barry M Gelly Hi-Shine,Green Berry,Teal,Creme,https://primerandtheprincess.blogspot.com/2013/02/new-barry-m-gelly-hi-shine-nail-polish_7916.html,,,
,Barry M Gelly Hi-Shine,Olive,Beige,Creme,http://www.britnails.co.uk/2014/05/barry-m-gelly-nail-paint-summer-2014.html,,,
,Barry M Speedy Quick Dry,Lap of Honour,Purple,Creme,https://www.britnails.co.uk/2015/02/barry-m-speedy-quick-dry-collection.html?showComment=1423267483764,,,
,Believe Beauty,I Came To Dance,Teal,Creme,https://www.believebeautycosmetics.com/nail-shop/jetsetter-mani-nail-polish,,,
,Believe Beauty,Lover Boy,Green,"Metallic, Shimmer",https://www.believebeautycosmetics.com/nail-shop/just-jewel-nail-polish,,,
,Believe Beauty,Party Purple,Purple,"Shimmer, Crelly",https://www.believebeautycosmetics.com/nail-shop/just-jewel-nail-polish,2,B,a little sheer and patchy but not bad
,Believe Beauty,Perfect Pitch,Blue,"Matte, Creme",https://www.believebeautycosmetics.com/nail-shop/matte-about-it-nail-polish,,,
,Bow Nail Polish,Miles Away,Multi,"Reflective Glitter, Shimmer, Textured",https://lollipolish.com/products/miles-away-reflective,,,
,Calvin Klein,Indigo Blue,Blue,"Shimmer, Mini",http://www.fashionpolish.com/2011/01/calvin-klein-htf-nail-polishes.html,,,
,Cherimoya,Teal Tale,Teal,Frost,,,,
,Cherimoya,Elektra Doll,Pink,"Chunky Glitter, Glitter, Jelly",,,,
,China Glaze,Fairy Dust,Silver,"Scattered Holo, Topper",http://themanicuredmanatee.blogspot.com/2010/10/my-notd.html,,,
,China Glaze,Ghoulish Glow,Clear,"Topper, Glow in the Dark",http://www.fashionpolish.com/2013/10/china-glaze-monsters-ball-collection.html,,,
,China Glaze,This One's For You,Multi,"Shimmer, Iridescent Glitter, Chunky Glitter, Topper",http://www.lackycorner.com/2013/10/united-in-pink-china-glaze-this-ones.html,,,
,China Glaze,Winter Holly,Green,Micro Holo Glitter,http://jroxy13.blogspot.com/2013/04/china-glaze-in-winter-holly-comparison.html,,,
,Ciat√©,All Aglow,Gold,"Glitter, Mini",http://myrainydaynails.blogspot.com/2013/12/ciate-tree-trinkets-swatches.html,,,
,Ciat√©,Candy Cane,Multi,"Glitter, Mini",http://myrainydaynails.blogspot.com/2013/12/ciate-tree-trinkets-swatches.html,,,
,Ciat√©,Humbug,Multi,"Glitter, Mini",http://myrainydaynails.blogspot.com/2013/12/ciate-tree-trinkets-swatches.html,,,
,Ciat√©,Pecan Pie,Brown,Shimmer,https://curbappealnails.blogspot.com/2014/12/ciate-pecan-pie-swatches.html,,,
,Ciat√©,Tinsel Town,Gold,"Glitter, Mini",http://myrainydaynails.blogspot.com/2013/12/ciate-tree-trinkets-swatches.html,,,
,Ciat√©,Wrap Star!,Multi,"Glitter, Mini",http://myrainydaynails.blogspot.com/2013/12/ciate-tree-trinkets-swatches.html,,,
,Ciat√©,Yule Rules,Teal,"Glitter, Mini",http://myrainydaynails.blogspot.com/2013/12/ciate-tree-trinkets-swatches.html,,,
,Cirque Colors,Cloud Nine,Purple,"Shimmer, Scattered Holo",https://www.cirquecolors.com/cloud-nine/,3,B-,"needs a lot of coats, looked ok over another color"
,Cirque Colors,Earthen,Brown,"Shimmer, Scattered Holo",https://www.cirquecolors.com/earthen/,3,C+,"needs a lot of coats and the holo is barely visible, color is a little drab but maybe because I was wearing it in summer"
,Cirque Colors,Earthen,Purple,"Shimmer, Scattered Holo",https://www.cirquecolors.com/earthen/,,,
,Cirque Colors,Electric Daisy,Yellow,Neon,https://www.cirquecolors.com/electric-daisy/,3,B+,"a little patchy, easily see imperfections cuz so bright, long lasting"
,Cirque Colors,Fizzy Lifting Drink,Purple,"Magnetic, Holo",https://www.cirquecolors.com/fizzy-lifting-drink/,,,
,Cirque Colors,Fizzy Lifting Drink,Purple,"Magnetic, Linear Holo, Jelly",https://www.cirquecolors.com/fizzy-lifting-drink/,,,
,Cirque Colors,Helter Seltzer,Gray,"Magnetic, Holo",https://www.cirquecolors.com/helter-seltzer/,,,
,Cirque Colors,Helter Seltzer,Gray,"Magnetic, Linear Holo, Jelly",https://www.cirquecolors.com/helter-seltzer/,,,
,Cirque Colors,Pyro,Orange,Neon,https://www.cirquecolors.com/pyro/,2,A,"almost 1 coat! super easy to apply, but may be difficult on toes"
,Cirque Colors,Socialite,Purple,Neon,https://www.cirquecolors.com/socialite/,2,A,"great formula, super long lasting, so many compliments "
,Cirque Colors,Velvetine,Blue,"Shimmer, Micro Holo Glitter, Shifty",https://www.cirquecolors.com/velvetine/,,,
,Color Club,All That Razz,Pink,"Neon, Mini",https://colorclub.com/products/all-that-razz,,,
,Color Club,Cosmic Fate,Beige,Linear Holo,https://colorclub.com/products/cosmic-fate,,,
,Color Club,Disco Dress,Purple,"Neon, Mini",https://www.paperblog.fr/5159427/color-club-disco-dress/,,,
,Color Club,The Uptown,Multi,"Multichrome, Flakie",https://mynailpolishobsession.blogspot.com/2014/12/my-personal-top-10-mainstream-polishes.html,1,A+,BEAUTIFUL and flakies lay and spread so evenly
,Color Club,Warhol,Pink,"Neon, Mini",https://colorclub.com/products/warhol,,,
,Color Club,Williamsburg,Blue,Shimmer,http://www.lucysstash.com/2014/02/color-club-williamsburg-over-opi-incognito-in-sausalito.html,,,
,Color Club,You Rock!,Multi,Holo/Regular Chunky Glitter/Glitter/Flakie,https://www.nicehands.dk/shop/you-rock-color-1887p.html,,,
,Color Club,Youthquake,Pink,"Neon, Mini",https://colorclub.com/products/youthquake,,,
,Color Club,Top Coat,Clear,Top Coat,,,,
,Color Club,zzz *unmarked*,Green,Creme,,,,
,Color Club,zzz *unmarked*,Pink,Neon,,,,
,Color Club,zzz *unmarked*,Red,Creme,,,,
,Color Club,zzz *unmarked*,Silver,Metallic,,,,
,Colores de Carol,Blue Moon Milk,Multi,"Thermal, Multichrome Shimmer, Flakie",https://rainbow-connection.co.uk/collections/colores-de-carol/products/blue-moon-milk-ships-mid-oct,,,
,Colores de Carol,Unicorn Horn,Purple,"Jelly, Multichrome Flakie",https://www.coloresdecarol.com/product/unicorn-horn,,,
,Colors By Llarowe,My Own Private Paradise,Purple,Linear Holo,https://mariasnailpolishblog.blogspot.com/2014/11/colors-by-llarowe-cbl-my-own-private.html,,,
,CoverGirl Outlast,Bahama Mama - Glosstini,Red,"Shimmer, Mini",http://abeautymoment.blogspot.com/2014/08/covergirl-outlast-stay-brilliant.html,,,
,CoverGirl Outlast,Grapevine,Purple,"Duochrome, Shimmer",https://curbappealnails.blogspot.com/2014/07/comparison-swatches-essie-lace-is-on.html,,,
,CoverGirl Outlast,Vio-Last,Purple,Creme,http://www.alllacqueredup.com/2013/03/fave-covergirl-outlast-nail-polish-shades-spring-2013.html,,,
,CoverGirl Outlast,Wine Stain,Purple,Creme,,,,
,Crowstoes,Maia,Purple,"Duochrome, Glass Fleck",http://nazsnails.blogspot.com/2013/06/crowstoes-maia.html,,,
,Cupcake Polish,Keratoconus Awareness,Red,"Shifty, Shimmer, Iridescent",https://www.ohbiteit.com/2021/12/cupcake-polish.html,,,
,Cupcake Polish,Mr. Mint,Pink,"Neon, Jelly, Holo Glitter, Glitter",https://www.cupcakepolish.com/products/mr-mint,,,
,Cupcake Polish,Shimmering Sunburst,Orange,"Iridescent, Holo Glitter, Shimmer",https://www.cupcakepolish.com/products/shimmering-sunburst,,,
,Dance Legend,Termo Shine 179,Red,"Chunky Glitter, Thermal",https://curbappealnails.blogspot.com/2015/01/valentines-day-stamping-part-2-dance-legend-termo-shine-179.html,,,
,Dance Legend,Termo Shine 180,Black,"Chunky Glitter, Glitter, Thermal",https://realpolishfanatic.com/2016/01/23/dance-legend-termo-shine-180/,,,
,Deborah Lippmann,Happy Birthday,Multi,"Chunky Glitter, Glitter, Mini",http://www.nailescapades.com/2013/07/deborah-lippmann-happy-birthday.html,,,
,Del Sol,Now You See It,Multi,"UV, Creme",https://nevertoomuchglitter.wordpress.com/2016/06/30/del-sol-swatches-and-finally-on-instagram/,,,
,Del Sol,VIP,Multi,"Holo Glitter, Glitter, UV",,,,
,Emily de Molly,Hardware,Gold,"Chunky Glitter, Holo Glitter, Glitter",https://itsallaboutthepolish.blogspot.com/2013/11/hardware-by-emily-de-molly.html?m=1,,,
,Esmaltes da Kelly,Phoenix,Purple,Glitter,http://www.plumpandpolished.com/2013/09/EsmaltesDaKelly.html,,,
,Essie,Angora Cardi,Pink,Creme,https://www.essie.com/nail-polish/enamel/nudes/angora-cardi,,,
,Essie,Armed and Ready,Green,Shimmer,http://ommorphiabeautybar.com/essie-armed-and-ready-spring-2012-swatches-comparisons-review/,,,
,Essie,Beat of the Moment,Pink,"Glitter, Textured",https://www.thepolishedhippy.com/2019/01/essie-concrete-glitters-collection.html,,D,
,Essie,Butler Please,Blue,Creme,http://ommorphiabeautybar.com/tag/essie-butler-please-swatch/,,,
,Essie,Downtown Brown,Red,Creme,https://concreteandnailpolish.blogspot.com/2010/05/essie-downtown-brown-konad.html,,,
,Essie,Gallery Gal,Pink,"Neon, Mini",https://www.nailderella.com/2017/07/essie-off-wall-neon-2017.html,,,
,Essie,Hiking Heels,Red,Creme,https://imabeautygeek.com/2016/04/19/essie-summer-2016-collection-swatches-review-comparisons/,,,
,Essie,In The Lobby,Purple,Creme,http://thelacquerchronicles.blogspot.com/2015/09/essie-in-lobby.html,,,
,Essie,Mochacino,Gray,Shimmer,https://lacquerslackerliz.blogspot.com/2014/03/essie-mochacino.html,,,
,Essie,No More Film,Purple,"Creme, Mini",https://www.essie.com/nail-polish/enamel/blues/no-more-film,,,
,Essie,Off The Wall,Pink,"Neon, Mini",https://www.nailderella.com/2017/07/essie-off-wall-neon-2017.html,,,
,Essie,Peach Daiquiri,Pink,Creme,https://www.essie.com/nail-polish/enamel/corals/peach-daiquiri,,,
,Essie,Sable Collar,Purple,Shimmer,http://addictedtopolish.blogspot.com/2014/12/essie-sable-collar.html?m=1,,,
,Essie,Size Matters,Red,"Creme, Mini",https://curbappealnails.blogspot.com/search?q=size+matters,,,
,Essie,Tart Deco,Orange,Creme,https://www.cindyscutecorner.com/essie-tart-deco-swatch/,,,
,Essie,The Girls Are Out,Pink,"Crelly, Shimmer",http://www.imperfectlypainted.com/2013/07/essie-girls-are-out.html,2,A,"actually really like the skinny brush for pedicure application, applies so easily"
,Essie,The Lace Is On,Purple,"Duochrome, Shimmer",https://curbappealnails.blogspot.com/2014/07/essie-lace-is-on.html,,,
,Essie,Toggle to the Top,Red,Glitter,http://ommorphiabeautybar.com/tag/essie-toggle-to-the-top/,,,
,Essie,Wicked,Red,"Jelly, Mini",https://nazsnails.blogspot.com/2012/12/essie-wicked.html,,,
,Essie Gel Couture,Twill Seeker,Purple,Shimmer,http://nailtastic.blogspot.com/2016/06/essie-twill-seeker.html,,,
,Essie Luxeffects,A Cut Above,Pink,"Chunky Glitter, Topper",https://thelacquerlounge.blogspot.com/2011/12/essie-cut-above-luxeffects-collection.html,,,
,Essie Luxeffects,Rock at the Top,Gold,"Chunky Glitter, Mini",http://mylifeinturquoise.blogspot.com/2014/10/essie-luxeffects-2014-rock-at-top.html?m=1,,,
,Essie Luxeffects,Set in Stones,Silver,"Chunky Glitter, Topper",https://kakinenailart.blogspot.com/2014/02/essie-set-in-stones-luxeffects-2013.html,,,
,Essie Luxeffects,Summit of Style,Gold,"Chunky Glitter, Mini",http://nailsalwayspolished.blogspot.com/2014/11/essie-summit-of-style.html,,,
,Expressie,Notifications On,Red,Creme,https://www.essie.com/nail-polish/quick-dry/reds/notifications-on,,,
,Fancy Gloss,Silver Lotus,Multi,"Thermal, Linear Holo",https://curbappealnails.blogspot.com/2015/04/chevron-nails-fancy-gloss-silver-lotus-a-england-dorian-gray.html,,,
,Forever 21,Grey/Multi,Gray,Glitter,,,,
,Forever 21,Light Blue/Black,Blue,Glitter,https://nailsmydreams.blogspot.com/2015/04/forever-21-speckled-nail-polishes-light.html,,,
,Formula X,Base Coat,Clear,"Base Coat, Mini",,,,
,Formula X,A+,Pink,"Creme, Mini, Duplicate",https://www.temptalia.com/product/formula-x-nail-lacquer/a/,,,
,Formula X,A+,Pink,Creme,https://www.temptalia.com/product/formula-x-nail-lacquer/a/,,,
,Formula X,Astronomical,Beige,"Creme, Mini",http://www.thehappysloths.com/2014/10/formula-x-paint-town-22-piece-mini-nail-polish-set-review-swatches.html,,,
,Formula X,Dramatic,Purple,"Creme, Mini",,,,
,Formula X,Fathom,Blue,"Creme, Mini",http://www.thehappysloths.com/2014/10/formula-x-paint-town-22-piece-mini-nail-polish-set-review-swatches.html,,,
,Formula X,Galaxy,Blue,"Glitter, Flakie",https://www.vampyvarnish.com/2013/12/formula-x-sephora-effects-nail-color-swatches-review/,,,
,Formula X,Gemini,Pink,"Creme, Mini",https://www.doseoflola.com/2014/03/formula-x-for-sephora-gemini-harmonics.html,,,
,Formula X,Ignite,Red,"Creme, Mini",http://www.thehappysloths.com/2014/10/formula-x-paint-town-22-piece-mini-nail-polish-set-review-swatches.html,,,
,Formula X,Illusionary,White,"Frost, Mini",http://www.thehappysloths.com/2014/10/formula-x-paint-town-22-piece-mini-nail-polish-set-review-swatches.html,,,
,Formula X,Mischevious,Multi,"Glitter, Duochrome, Shimmer",https://serendipitypot.com/formula-x/,,,
,Formula X,Monumental,Beige,"Creme, Mini",http://www.thehappysloths.com/2014/10/formula-x-paint-town-22-piece-mini-nail-polish-set-review-swatches.html,,,
,Formula X,Perfection,Gray,"Creme, Mini, Duplicate",https://www.temptalia.com/formula-x-sephora-nail-lacquer-review-photos-swatches/,,,
,Formula X,Perfection,Gray,Creme,https://www.temptalia.com/formula-x-sephora-nail-lacquer-review-photos-swatches/,,,
,Formula X,Perfection,Gray,"Creme, Mini, Duplicate",http://www.thehappysloths.com/2014/10/formula-x-paint-town-22-piece-mini-nail-polish-set-review-swatches.html,,,
,Formula X,Pyrotechnic,Red,"Creme, Mini",http://www.thehappysloths.com/2014/10/formula-x-paint-town-22-piece-mini-nail-polish-set-review-swatches.html,,,
,Formula X,Singularity,Gray,"Shimmer, Matte",https://imabeautygeek.com/2014/07/22/formula-x-brushed-metallics-fall-2014/,,,
,Formula X,Starlight,Gold,"Glitter, Mini",http://www.thehappysloths.com/2014/10/formula-x-paint-town-22-piece-mini-nail-polish-set-review-swatches.html,,,
,Formula X,Umph,Gray,"Metallic, Mini",http://www.thehappysloths.com/2014/10/formula-x-paint-town-22-piece-mini-nail-polish-set-review-swatches.html,,,
,Formula X,UR Square,Beige,"Shimmer, Glitter, Textured",https://www.manicuremanifesto.com/2019/12/brand-challenge-sephora-formula-x.html,,,
,Formula X,White Matter,White,"Creme, Mini",http://www.thehappysloths.com/2014/10/formula-x-paint-town-22-piece-mini-nail-polish-set-review-swatches.html,,,
,Formula X,Wunderkind,Blue,"Shimmer, Mini",https://thebeautylookbook.com/2014/06/sephora-formula-x-wunderkind.html,,,
,Gabriel,Tahitian Orchid,Purple,Metallic,,,,
,Glisten & Glow,HK Girl,Clear,Top Coat,https://www.glistenandglow.com/product/glisten-glow-top-coat,,,
,Glisten & Glow,Glitter Grabber,Clear,Top Coat,https://www.glistenandglow.com/product/glisten-glow-glitter-grabber,,,
,Glisten & Glow,I Do! Crew,White,"Crelly, Flakie",https://www.glistenandglow.com/product/glisten-glow-i-do-crew,,,
,Glisten & Glow,Stalagmites & Stalactites at Skyline,Purple,"Shimmer, Shifty",https://www.glistenandglow.com/product/glisten-glow-stalagmites-stalactites-at-skyline,,,
,Glisten & Glow,Top Coat,Clear,"Top Coat, Duplicate",https://www.glistenandglow.com/product/glisten-glow-top-coat,1,A+,
,Glisten & Glow,Tropic like it's HOT!,Pink,"Neon, Creme",https://www.glistenandglow.com/product/glisten-glow-tropic-like-it-s-hot,2,A,easy creme application 
,Hit the Bottle,Snowed In,White,"Stamping, Creme",https://hitthebottlepolishes.com.au/collections/nail-polish-stamping-polish/products/snowed-in-stamping-polish,,,
,Hits,Hefesto,Silver,Linear Holo,https://belasgarras.blogspot.com/2012/01/hefesto-hits.html,,,
,Hits,So Unique - Mari Moon,Purple,"Duochrome, Scattered Holo",https://curbappealnails.blogspot.com/2015/07/hits-mari-moon-so-unique-bps-zebra-nail-vinyls.html,,,
,Holo Taco,Cosmic Unicorn Skin,Multi,"Iridescent Flakie, Topper",https://www.holotaco.com/products/cosmic-unicorn-skin,,,
,Holo Taco,Everything Taco,Multi,"Iridescent Flakie, Topper, Scattered Holo, Linear Holo, Flakie Holo",https://www.holotaco.com/products/everything-taco,1,B,I didn't like it that much over a dusty purple but I should try it again over another color
,Holo Taco,Flakie Holo Taco,Multi,"Flakie Holo, Topper",https://www.holotaco.com/products/flakie-holo-taco,,,
,Holo Taco,Magenta Jelly,Pink,"Linear Holo, Jelly",https://www.holotaco.com/products/magenta-jelly,2,A-,a little hard to apply with the thin brush and it dries quick but the end result is üíØ
,Holo Taco,Menchie The Cat,Pink,Holo Glitter,https://www.holotaco.com/products/menchie-the-cat,,,
,Holo Taco,Midnight Spark,Purple,"Holo Glitter, Jelly",https://www.holotaco.com/products/midnight-spark,,,
,Holo Taco,Play Ros√©,Gold,"Jelly, Holo Glitter",https://www.holotaco.com/products/play-rose,2,A,Needed tons of top coat and glitter grabber to get smooth but even though it was thick it stayed on SO GOOD
,Holo Taco,Plumb Luck,Purple,"Jelly, Holo Glitter",https://www.holotaco.com/products/plumb-luck,,,
,Holo Taco,Reflective Taco,Clear,"Reflective Glitter, Topper",https://www.holotaco.com/products/reflective-taco,,,
,Holo Taco,Scattered Holo Taco,Silver,"Scattered Holo, Topper",https://www.holotaco.com/products/scattered-holo-taco,1,A,"nice spread of holo, gentle, doesn't cover color"
,Holo Taco,Super Glossy Taco,Clear,Top Coat,https://www.holotaco.com/products/super-glossy-taco,,,
,Holo Taco,Work Bestie,Purple,Creme,https://www.holotaco.com/products/work-bestie,,,
,ILNP,Black Orchid,Purple,Holo,https://www.ilnp.com/holographics-and-ultra-holos/black-orchid/,,,
,ILNP,Brownstone,Brown,Holo,https://www.ilnp.com/nail-polish/brownstone/,,,
,ILNP,Dash of Cocoa,Brown,Holo,https://www.ilnp.com/nail-polish/dash-of-cocoa/,3,B+,Color is ok but holo is beautiful
,ILNP,Eclipse (H),Multi,"Duochrome, Holo",https://www.ilnp.com/nail-polish/eclipse-h/,,,
,ILNP,Hush (H),Teal,"Holo, Duochrome",https://www.ilnp.com/nail-polish/hush-h/,,,
,ILNP,Juliette,Gold,"Glitter, Holo Glitter",http://www.thepolishedperspective.com/2016/01/ilnp-juliette.html,,,
,ILNP,Prancer,Beige,Holo,https://www.ilnp.com/nail-polish/prancer/,,,
,ILNP,Revival,Multi,Holo,https://www.ilnp.com/holographics-and-ultra-holos/revival/,2,A+,gorgeous 
,ILNP,Rock Bottom,Brown,Holo,https://www.ilnp.com/holographics-and-ultra-holos/rock-bottom/,,,
,Jade Diamond,Velvet,Purple,"Duochrome, Glass Fleck",http://www.fashionpolish.com/2012/11/jade-diamond-collection-review.html,,,
,Joss,Desert Sunset,Orange,"Scattered Holo, Glass Fleck",http://www.plumpandpolished.com/2014/03/joss-desert-sunset.html,,,
,KBShimmer,Bahama Drama,Orange,Neon,https://curbappealnails.blogspot.com/2015/07/kbshimmer-bahama-drama-mdu-gold-floral-stamping.html,3,C,"patchy on toes, but may just need some thinner"
,KBShimmer,Berry Chill,Purple,"Shimmer, Holo Flakie",https://www.kbshimmer.com/berry-chill-nail-polish/,,,
,KBShimmer,Dawn To Earth,Purple,"Shimmer, Jelly, Shifty",https://www.kbshimmer.com/dawn-to-earth-nail-polish/,2,A,"gorgeous shifts, easy application, long lasting"
,KBShimmer,Drawn To You (R),Blue,"Shimmer, Shifty, Reflective Glitter",https://www.kbshimmer.com/drawn-to-you-reflective-nail-polish/,,,
,KBShimmer,Lilac Dreams,Purple,"Glitter, Shimmer, Duochrome",https://curbappealnails.blogspot.com/2014/08/chevron-nail-art-with-zoya-valerie-and.html,,,
,KBShimmer,Love You Brunches (R),Purple,"Shimmer, Shifty, Reflective Glitter",https://www.kbshimmer.com/love-you-brunches-reflective-nail-polish/,2,A,needs 2-3 top coats
,KBShimmer,Novel Idea (R),Purple,"Shimmer, Shifty, Reflective Glitter",https://www.kbshimmer.com/novel-idea-reflective-nail-polish/,,,
,KBShimmer,Of Quartz (R),Pink,"Shimmer, Shifty, Reflective Glitter",https://www.kbshimmer.com/of-quartz-reflective-nail-polish/,2,A,needs 2-3 layers of top coat
,KBShimmer,Peak My Interest,Pink,"Chunky Glitter, Crelly",https://curbappealnails.blogspot.com/2015/08/kbshimmer-peak-my-interest-swatches.html,,,
,KBShimmer,Pink-a Colada,Pink,"Chunky Glitter, Holo Glitter, Crelly",https://curbappealnails.blogspot.com/search?q=Pink-a+Colada,,,
,KBShimmer,Shell Shock,Beige,"Chunky Glitter, Holo Glitter, Crelly",http://www.manicurator.com/2015/05/kbshimmer-summer-2015-collection-part-2.html,,,
,KBShimmer,Such A Vlad-Ass,Red,Creme,https://www.instagram.com/p/9R2wnwB1mY/,,,
,KBShimmer,Take Back CTRL,Pink,Creme,https://www.kbshimmer.com/take-back-ctrl-nail-polish/,,,
,KBShimmer,Tapped Out (R),Blue,"Reflective Glitter, Shimmer, Creme",https://www.kbshimmer.com/tapped-out-reflective-nail-polish/,2,B,"Thick and chunky, but beautiful. Might be better with some thinner."
,KBShimmer,Teal Another Tail,Teal,"Holo Glitter, Shimmer",https://curbappealnails.blogspot.com/2014/09/kbshimmer-teal-another-tail.html,,,
,KBShimmer,Vitamin Sea,Teal,"Chunky Glitter, Micro Holo Glitter, Jelly",https://curbappealnails.blogspot.com/2015/06/kbshimmer-vitamin-sea-swatches.html,,,
,Kleancolor,Mocha,Pink,Creme,,,,
,Kleancolor,Pearl Beige,Pink,"Shimmer, Glass Fleck",,,,
,Konad,zzz *unmarked*,Black,"Stamping, Creme",,,,
,Konad,zzz *unmarked*,White,"Stamping, Creme",,,,
,L.A. Colors Art Deco,zzz *unmarked*,Black,"Striping, Creme",,,,
,L.A. Colors Art Deco,zzz *unmarked*,Black,"Striping, Creme, Duplicate",,,,
,L.A. Colors Art Deco,Gold Glitter,Gold,"Striping, Glitter",,,,
,L.A. Colors Art Deco,Purple Blue Glitter,Multi,"Striping, Glitter",,,,
,L.A. Colors Art Deco,Hot Pink,Pink,"Striping, Creme",,,,
,L.A. Colors Art Deco,Intense Pink,Pink,"Striping, Creme",,,,
,L.A. Colors Art Deco,Silver,Silver,"Striping, Metallic",,,,
,L.A. Colors Art Deco,Silver Glitter,Silver,"Striping, Glitter",,,,
,L.A. Colors Art Deco,White,White,"Striping, Creme",,,,
,L.A. Colors Art Deco,White,White,"Striping, Creme, Duplicate",,,,
,L.A. Colors Color Craze,Broken Hearted,Red,"Iridescent Glitter, Iridescent Flakie, Jelly, Topper",https://www.princesslypolished.com/2012/11/new-la-colors-candy-sprinkles-flurry.html,,,
,L.A. Colors Color Craze,Cocktail,Pink,"Holo Glitter, Glitter",http://www.iwetto.com/2013/03/delicatessen.html,,,
,L.A. Colors Color Craze,Confetti,Multi,Chunky Glitter,https://lovinnailz.blogspot.com/2012/12/la-colors-color-craze-confetti-swatches.html,,,
,Lancome Vernis In Love,147M Rouge Valentine,Red,Creme,https://curbappealnails.blogspot.com/2014/10/wet-n-wild-wet-cement-freehand-hearts.html,3,A-,"3 thin coats, almost a crelly, nice formula "
,Lancome Vernis In Love,350M Rose Th√©,Pink,Creme,https://curbappealnails.blogspot.com/2014/11/lancome-vernis-in-love-350m-rose-the.html,,,
,Lancome Vernis In Love,522 Bubbly Gold,Gold,Metallic,https://makeupandbeautyblog.com/product-reviews/well-always-have-paris-the-sparkling-lancome-petit-tresor-holiday-collection/,,,
,Lancome Vernis In Love,575 Flirty Red,Red,Shimmer,https://catdoccannon.blogspot.com/2013/09/lancome-in-love-575-flirty-red.html,,,
,Loreal,B. Strong - Bijou Gems,Green,Shimmer,https://polishedclawsup.blogspot.com/2011/12/old-and-new-loreal-bijou-gems-b-strong.html,,,
,Loreal,Sequin Explosion,Multi,"Chunky Glitter, Glitter, Mini",https://www.britnails.co.uk/2013/08/loreal-sequin-explosion.html,,,
,Maybelline,Magic Merlot,Red,Creme,,,,
,Milani Color Statement,Peri-Wink,Blue,"Creme, Shimmer",https://curbappealnails.blogspot.com/2015/08/milani-color-statement-peri-wink-bps-lace-sticker-decals.html,,,
,Models Own,Indian Ocean,Teal,"Glass Fleck, Duochrome, Topper",https://www.sparklyvernis.com/2012/05/models-own-indian-ocean-new-kind-of-duo.html,,,
,Models Own,Peacock Green,Green,Shimmer,http://canvasnails.blogspot.com/2012/08/models-own-peacock-green.html,,,
,Models Own,Pink Cocktail,Pink,"Shifty, Jelly, Shimmer, Iridescent, Mini",http://www.thecolourcarousel.co.uk/2012/11/nail-of-day-models-own-pink-cocktail.html,,,
,Mooncat,A Very Merry Unbirthday,Purple,"Shifty Shimmer, Multichrome Flakie",https://www.mooncat.com/products/a-very-merry-unbirthday,,,
,Mooncat,Kelp Kingdom,Green,"Magnetic, Multichrome Reflective Glitter",https://www.mooncat.com/products/kelp-kingdom,,,
,Mooncat,Mad Hatter,Multi,"Magnetic, Holo Glitter, Multichrome Flakie",https://www.mooncat.com/products/mad-hatter,,,
,Mooncat,Mood Ring,Purple,"Jelly, Iridescent Flakie",https://www.mooncat.com/products/mood-ring,,,
,Mooncat,Velociraptor,Teal,"Matte, Iridescent Flakie, Reflective Glitter",w.mooncat.com/products/velociraptor,3,A,"even though I felt like I needed 3 coats and 2 top coats, this polish helped up super well and is gorgeous. It's matte but I prefer glossy"
,Mooncat,Weeping Willow,Green,"Magnetic, Reflective Glitter",https://www.mooncat.com/products/weeping-willow,,,
,Morgan Taylor,Fame Game,Silver,Holo Glitter,https://curbappealnails.blogspot.com/2014/07/morgan-taylor-fame-game.html,,,
,Morgan Taylor,Well Spent,Purple,Creme,https://mariasnailpolishblog.blogspot.com/2015/02/morgan-taylor-well-spent-swatches.html,,,
,Mundo de Unas,Bones,Beige,"Stamping, Creme, Mini",http://phdnails.blogspot.com/2015/07/mundo-de-unas-stamping-polish-review.html,,,
,Mundo de Unas,Black,Black,"Stamping, Creme, Mini",http://phdnails.blogspot.com/2015/07/mundo-de-unas-stamping-polish-review.html,,,
,Mundo de Unas,Blue Navy,Blue,"Stamping, Creme, Mini",http://phdnails.blogspot.com/2015/07/mundo-de-unas-stamping-polish-review.html,,,
,Mundo de Unas,Sky Blue,Blue,"Stamping, Creme, Mini",http://phdnails.blogspot.com/2015/07/mundo-de-unas-stamping-polish-review.html,,,
,Mundo de Unas,Copper,Gold,"Stamping, Metallic, Mini",http://phdnails.blogspot.com/2015/07/mundo-de-unas-stamping-polish-review.html,,,
,Mundo de Unas,Gold,Gold,"Stamping, Metallic",http://phdnails.blogspot.com/2015/07/mundo-de-unas-stamping-polish-review.html,,,
,Mundo de Unas,Spring Green,Green,"Stamping, Creme, Mini",http://phdnails.blogspot.com/2015/07/mundo-de-unas-stamping-polish-review.html,,,
,Mundo de Unas,Nabu,Orange,"Stamping, Creme, Mini",http://phdnails.blogspot.com/2015/07/mundo-de-unas-stamping-polish-review.html,,,
,Mundo de Unas,Orchid,Pink,"Stamping, Creme",http://phdnails.blogspot.com/2015/07/mundo-de-unas-stamping-polish-review.html,,,
,Mundo de Unas,Purple,Purple,"Stamping, Creme",http://phdnails.blogspot.com/2015/07/mundo-de-unas-stamping-polish-review.html,,,
,Mundo de Unas,Reddish,Red,"Stamping, Creme",http://phdnails.blogspot.com/2015/07/mundo-de-unas-stamping-polish-review.html,,,
,Mundo de Unas,Tulip,Red,"Stamping, Creme, Mini",http://phdnails.blogspot.com/2015/07/mundo-de-unas-stamping-polish-review.html,,,
,Mundo de Unas,Silver,Silver,"Stamping, Metallic",http://phdnails.blogspot.com/2015/07/mundo-de-unas-stamping-polish-review.html,,,
,Mundo de Unas,White,White,"Stamping, Creme, Mini",http://phdnails.blogspot.com/2015/07/mundo-de-unas-stamping-polish-review.html,,,
,Mundo de Unas,Mustard,Yellow,"Stamping, Creme, Mini",http://phdnails.blogspot.com/2015/07/mundo-de-unas-stamping-polish-review.html,,,
,Mundo de Unas,Neon Yellow,Yellow,"Stamping, Creme, Mini",http://phdnails.blogspot.com/2015/07/mundo-de-unas-stamping-polish-review.html,,,
,Nfu Oh,Aqua Base,Clear,Base Coat,http://www.alllacqueredup.com/2010/08/holo-nfu-61-minx-hologram-nails.html,,,
,Nicole By OPI,Enchantress,Pink,"Sheer, Iridescent",http://wecameasasians.blogspot.com/2011/07/nicole-by-opi-enchantress.html,,,
,Nicole By OPI,Hit The Lights - Selena Gomez,Yellow,Creme,http://www.oliviafrescura.com/2013/06/06/notd-hit-the-lights-by-nicole-by-opi-selena-gomez-collection/,,,
,Nicole By OPI,Pretty in Plum - Selena Gomez,Purple,Duochrome,https://curbappealnails.blogspot.com/2014/07/comparison-swatches-essie-lace-is-on.html,,,
,Nicole By OPI,Purple Yourself Together,Purple,Shimmer,https://curbappealnails.blogspot.com/2015/02/valentines-day-stamping-part-3-nicole-opi-purple-yourself-together.html,,,
,Nicole By OPI,Shell Me The Truth,Pink,"Shimmer, Sheer",https://perkypolish.blogspot.com/2011/05/nicole-by-opi-shell-me-truth.html,,,
,Nicole By OPI,The Next CEO,Gold,Metallic,http://wackylaki.blogspot.com/2011/09/day-8-metallic-nicole-by-opi-next-ceo.html,,,
,No7,In The Stars,Clear,"Duochrome, Shimmer",https://curbappealnails.blogspot.com/2014/12/galaxy-nails-no-7-in-the-stars-orly-goth.html,,,
,No7,Moonlit Shadow,Beige,Metallic,,,,
,NYC,Lexington Yellow - In a Minute,Yellow,Creme,http://52shadesofnailpolish.blogspot.com/2013/08/new-york-color-in-lexington-yellow.html,,,
,NYC,Skyline Blue,Blue,Shimmer,http://www.nailslikelace.com/2013/02/nail-polish-comparison-duplicate.html,,,
,NYC,White Lights Glitter,Clear,"Iridescent Glitter, Topper",https://www.makeupalley.com/product/showreview.asp/ItemId=109803/Long-Wearing-Nail-Enamel---White-Lights-Glitter-101A/NYC-New-York-Color/Polishes,,,
,NYC,105A,Silver,Glitter Topper,,,,
,OPI,Ridge Filler,Beige,Base Coat,https://www.opi.com/shop-products/nail-care/top-base-coats/ridge-filler,,,
,OPI,Matte Top Coat,Clear,"Top Coat, Matte",,,,
,OPI,Natural Nail Base Coat,Clear,Base Coat,,,,
,OPI,Natural Nail Base Coat,Clear,"Base Coat, Duplicate",,,,
,OPI,Top Coat,Clear,Top Coat,,,,
,OPI,Top Coat,Clear,"Top Coat, Duplicate",,,,
,OPI,A Butterfly Moment,Pink,Shimmer,http://www.muxe.net/blog/2013/09/opi-a-butterfly-moment/,,,
,OPI,Alpine Snow,White,Creme,https://elainenails.blogspot.com/2014/07/opi-alpine-snow.html,,,
,OPI,Barefoot In Barcelona,Pink,Creme,https://www.opi.com/shop-products/nail-polish-powders/nail-lacquer/barefoot-in-barcelona,,,
,OPI,Cozu-Melted In The Sun,Orange,Shimmer,https://www.opi.com/shop-products/nail-polish-powders/nail-lacquer/cozu-melted-in-the-sun,,,
,OPI,Give Me The Moon!,Blue,"Shimmer, Sheer",https://nailjuice.blogspot.com/2014/07/opi-give-me-moon.html,,,
,OPI,Glints of Glinda,Beige,Sheer,http://ommorphiabeautybar.com/tag/opi-i-theodora-you-swatch/,,,
,OPI,I Don't Do Dishes,Red,Shimmer,https://www.the-crumpet.co.uk/2012/01/opi-i-dont-do-dishes.html,,,
,OPI,I Theodora You,Pink,Sheer,http://ommorphiabeautybar.com/tag/opi-i-theodora-you-swatch/,,,
,OPI,Jinx - Liquid Sand,Red,"Shimmer, Textured",https://www.chalkboardnails.com/2013/04/opi-bond-girls-liquid-sand-collection.html,,,
,OPI,Less is Norse,Blue,Creme,https://www.cosmeticsanctuary.com/opi-iceland-fall-2017-collection/,,,
,OPI,Miami Beet,Pink,Creme,https://www.opi.com/shop-products/nail-polish-powders/nail-lacquer/miami-beet,,,
,OPI,Not Like The Movies,Silver,"Duochrome, Shimmer",http://ommorphiabeautybar.com/opi-peace-love-opi-with-comparisons/,,,
,OPI,O Suzi Mio,Purple,Creme,http://www.kelliegonzo.com/2015/09/opi-fall-2015-venice-collection.html,,,
,OPI,One Heckla of a Color!,Purple,Creme,https://www.opi.com/shop-products/nail-polish-powders/nail-lacquer/one-heckla-of-a-color,2,A,nice formula and brush
,OPI,OPI With a Nice Finnish,Gold,Frost,http://simplyintomynails.blogspot.com/2014/09/mini-manicures-opi-with-great-finnish.html,,,
,OPI,OPI... Eurso Euro,Blue,Creme,https://copycatclaws.blogspot.com/2013/11/opi-eurso-euro-max-factor-fantasy-fire.html,,,
,OPI,Peace & Love & OPI,Silver,"Duochrome, Metallic",http://www.polishinsomniac.net/2013/07/opi-san-francisco-shimmers-swatches-and.html,,,
,OPI,Rent,Purple,"Duochrome, Shimmer, Glass Fleck",https://www.prettygirlscience.com/2013/12/opi-rent.html,,,
,OPI,Solitaire - Liquid Sand,White,"Glitter, Frost, Textured",https://missintensitynails.blogspot.com/2014/01/swatch-opi-solitaire.html,,,
,OPI,Super Bass Shatter,Purple,"Shimmer, Crackle",http://kiwiwithcrazynails.blogspot.com/2012/01/opi-super-bass-shatter.html,,,
,OPI,The Impossible - Liquid Sand,Red,"Chunky Glitter, Glitter, Textured",http://stephanie-nguyen.blogspot.com/2012/12/opi-liquid-sand-impossible.html,,,
,Orly,zzz *unmarked*,Beige,Metallic,,,,
,Orly,Crossroad,Gray,Shimmer,https://curbappealnails.blogspot.com/2014/10/orly-crossroad-with-glitter-cross-design.html,,,
,Orly,Cut The Cake,Beige,"Shimmer, Sheer",https://guiltypleasurecolors.blogspot.com/2013/08/cut-cake.html,,,
,Orly,Fantasea,Purple,"Shimmer, Sheer",http://www.letthemhavepolish.com/2011/01/orly-fantasea.html,,,
,Orly,Goth,Black,Glitter,https://curbappealnails.blogspot.com/2015/06/black-gold-striped-nails-lancome-bubbly-gold-522-orly-goth.html,,,
,Orly,Hottie,Pink,"Neon, Mini",https://just-nice-things.co.uk/orly-hottie/,,,
,Orly,Mirrorball,Silver,"Holo Glitter, Linear Holo",https://curbappealnails.blogspot.com/2015/08/orly-mirrorball-swatches.html,,,
,Orly,Royal Velvet,Purple,"Duochrome, Shimmer, Mini",http://www.letthemhavepolish.com/2011/03/orly-royal-velvet.html,,,
,Orly,Velvet Rope,Purple,"Micro Glitter, Creme",https://curbappealnails.blogspot.com/2014/12/orly-velvet-rope-swatches.html,,,
,Penelope Luz,"Five Stars, Please",Gold,"Reflective Glitter, Multichrome Flakie",https://www.color4nails.com/product/penelope-luz-five-stars-please-pre-order/,,,
,Penelope Luz,I Prefer the Beach,Blue,"Jelly, Reflective Glitter, Flakie",https://www.color4nails.com/product/penelope-luz-i-prefer-the-beach-pre-order/,,,
,Penelope Luz,Satyyagraha,Multi,"Holo, Multichrome",https://www.lanternandwren.com/satyyagraha-penelope-luz-premium-5-free-nail-polish/,2-3,A+,"smooth application, gorgeous, might not have needed 3 coats but was painting in kitchen at night so hard to tell"
,Penelope Luz,Taj Mahal,Pink,Holo Glitter,https://www.lanternandwren.com/taj-mahal-penelope-luz-premium-5-free-nail-polish/,,A+,gorgeous
,Penelope Luz,Travel Souvenir,Pink,"Shimmer, Jelly, Reflective Glitter",https://www.color4nails.com/product/penelope-luz-travel-souvenir-pre-order/,2-3,A,"patchy on first coat, dries matte and textured, but damn this is so beautiful even on short nails"
,Penelope Luz,Wisdom (Sabedoria),Multi,Flakie,https://www.lanternandwren.com/wisdom-sabedoria-penelope-luz-premium-5-free-nail-polish/,3,A-,"beautiful, slightly difficult application because the brush is wonky and polish is chunky, but the final finish is smooth"
,Phoenix,Floating (Upside Down Collection),Blue,"Reflective Glitter, Shimmer, Jelly",https://www.color4nails.com/product/phoenix-indie-floating/,2,A-,Easy formula but dries down a bit textured so I took off some points for lots of top coat
,Phoenix,Life is Short (Reflective Glitter) (Slice of Life),Teal,"Shimmer, Reflective Glitter, Iridescent Flakie",https://www.color4nails.com/product/phoenix-life-is-short-reflective-pre-order/,,,
,Phoenix,Shadowdale (Upside Down Collection),Multi,"Magnetic, Multichrome, Shimmer, Reflective Glitter",https://www.color4nails.com/product/phoenix-indie-shadowdale/,,,
,Phoenix,Stupid Boys (Upside Down Collection),Multi,"Jelly, Shimmer, Shifty, Flakie",https://www.color4nails.com/product/phoenix-indie-stupid-boys/,2,B+,"great formula, pretty but just not sure the color is my favorite to wear"
,Phoenix,The Babysitter (Upside Down Collection),Purple,"Multichrome, Reflective Glitter",https://www.color4nails.com/product/phoenix-indie-the-babysitter/,,,
,Phoenix,The Wise (Upside Down Collection),Multi,"Shimmer, Flakies, Reflective Glitter",https://www.color4nails.com/product/phoenix-indie-the-wise/,,,"tried on toes, didn't like, should try on hands though!"
,Polish Me Silly,Bombshell,Multi,"Chunky Holo Glitter, Multichrome, Topper",https://www.polishmesilly.com/store/p121/Bombshell_-_Multichrome_Topper_-_Multi_Color_Changing_Nail_Polish.html#/,,,
,Polish Me Silly,Chicks Rule,Multi,"Chunky Glitter, Topper",https://curbappealnails.blogspot.com/2014/08/polish-me-silly-chicks-rule-over-opi.html,,,
,Polish Me Silly,Cosmic Kisses,Purple,"Multichrome, Holo Glitter, Shifty, Mini",https://curbappealnails.blogspot.com/2014/11/polish-me-silly-cosmic-kisses-multichrome.html,,,
,Polish Me Silly,Lovestruck,Multi,"Chunky Holo Glitter, Multichrome, Topper",https://www.polishmesilly.com/store/p100/_LOVESTRUCK-_Multichrome_Topper_-Glitter_Nail_Polish.html#/,,,
,Polish Me Silly,Mind Blowing,Multi,"Chunky Holo Glitter, Multichrome, Topper",https://www.polishmesilly.com/store/p76/_MIND_BLOWING_-Multichrome_Topper_-_Color_Changing_Polish.html#/,,,
,Polish Me Silly,Peach Me A Lesson,Pink,"Thermal, Chunky Glitter, Mini",https://curbappealnails.blogspot.com/2015/07/polish-me-silly-peach-me-lesson-thermal-swatches.html,,,
,Polish Me Silly,Pinky Swear Your A ‚≠ê,Pink,"Thermal, Chunky Glitter, Mini",https://thenailpolishchallenge.blogspot.com/2014/01/polish-me-silly-thermal-swatches.html,,,
,Polish Me Silly,Scandalous,Multi,"Chunky Holo Glitter, Multichrome, Topper",https://www.polishmesilly.com/store/p120/_SCANDALOUS-_Multichrome_Topper_-_Multi_Color_Changing_Nail_Polish.html#/,,,
,Polish Me Silly,Stardust,Multi,"Chunky Holo Glitter, Multichrome, Topper",https://www.polishmesilly.com/store/p114/STARDUST-_Multichrome_Topper-_Color_Shifting_Polish_Glitter_Nail_Polish_.html#/,,,
,Poshe,Top Coat,Clear,Top Coat,,,,
,Revlon,Cotton Candy,Pink,"Scented, Shimmer, Sheer",https://passthepolishplease.blogspot.com/2011/01/revlon-cotton-candy-scented-polish.html,,,
,Revlon,Enchanting,Purple,Shimmer,https://nouveaucheap.blogspot.com/2013/03/review-revlon-nail-enamel-in-enchanting.html,,,
,Revlon,Tangerine,Orange,Shimmer,http://sovisnailjournal.blogspot.com/2013/04/revlon-fuchsia-fever-and-revlon.html,,,
,Revlon Colorstay,Wild Strawberry,Pink,Shimmer,https://lipstickandlacquer.blogspot.com/2013/04/chanel-tentation-nail-polish-dupe.html,,,
,Revlon Top Speed,Electric,Yellow,Shimmer,https://ratukutek.wordpress.com/2014/07/02/review-revlon-top-speed-nail-polish/,,,
,Revlon Top Speed,Essence,Teal,Creme,http://prettycleverblog.blogspot.com/,,,
,Sally Hansen Diamond Strength,Platinum,Pink,"Sheer, Frost",http://junonails.blogspot.com/2012/04/sally-hansen-diamond-strength-platinum.html,,,
,Sally Hansen Diamond Strength,Rose Amore,Pink,"Glass Fleck, Shimmer",https://missverniz.blogspot.com/2014/07/sally-hansen-diamond-strength-numero-44.html,,,
,Sally Hansen Diamond Strength,Royal Romance,Purple,Shimmer,http://akabailey.blogspot.com/2014/01/radiant-orchid-nail-polish-sally-hansen_31.html,2,C,"streaky, patchy"
,Sally Hansen Diamond Strength,Save The Date,Purple,Shimmer,http://missphibes.blogspot.com/2015/10/sally-hansen-mermaids-tale-y-save-date.html,,,
,Sally Hansen I ‚ù§Ô∏è Nail Art,Red Rouge,Red,"Striping, Creme",,,,
,Sally Hansen Insta-Dri,Flashy Fuschia,Pink,"Shimmer, Iridescent",https://thepolishwell.blogspot.com/2011/10/sally-hansen-insta-dri-flashy-fuchsia.html,,,
,Sally Hansen Insta-Dri,Go For Gold,Gold,Metallic,https://thefemininefiles.com/2014/07/14/sally-hansen-insta-dry-swatches-2/,,,
,Sally Hansen Insta-Dri,Grease Lightning,Gray,Creme,https://makeupandbeauty.com/sally-hansen-insta-dri-show-steel-er-slick-slate-grease-lightning-nail-color-review/,,,
,Sally Hansen Insta-Dri,Slick Slate,Gray,Creme,http://lacquerorleaveher.blogspot.com/2018/01/new-sally-hansen-insta-dris-part-2.html,,,
,Sally Hansen Nailgrowth Miracle,Misty Rose,Beige,"Shimmer, Sheer",http://apolishaddiction.blogspot.com/2013/04/sally-hansen-misty-rose-swatch-born.html,,,
,Sally Hansen Xtreme Wear,Giant Peach,Pink,Creme,http://covetedbyclaudia.blogspot.com/2015/07/sally-hansen-hard-as-nails-x-treme-wear.html,,,
,Sally Hansen Xtreme Wear,Lacey Lilac,Purple,Creme,http://www.imperfectlypainted.com/2011/05/sally-hansen-xtreme-wear-lacey-lilac.html,,,
,Sally Hansen Xtreme Wear,Mauve Over,Pink,Creme,https://nouveaucheap.blogspot.com/2015/02/new-sally-hansen-xtreme-wear-in-mauve.html,,,
,Sally Hansen Xtreme Wear,Mint Sorbet,Green,Creme,http://wackylaki.blogspot.com/2011/06/sally-hansen-xtreme-wear-mint-sorbet.html,,,
,Sally Hansen Xtreme Wear,Pep-Plum,Purple,Creme,https://curbappealnails.blogspot.com/2015/10/sparkly-purple-nails-with-cute-bow-charm.html,,,
,Sally Hansen Xtreme Wear,Strobe Flash,Multi,"Chunky Glitter, Topper",https://www.prettygirlscience.com/2013/09/my-picks-from-sally-hansen-xtreme-wear.html,,,
,Sally Hansen Xtreme Wear,The Real Teal,Teal,Shimmer,https://alisnailnews.blogspot.com/2011/07/new-sally-hansen-xtreme-wear-teal-y.html,,,
,Sally Hansen Xtreme Wear,Twisted Pink,Pink,"Creme, Glass Fleck",http://www.imperfectlypainted.com/2011/04/pink-wednesday-sally-hansen-xtreme-wear.html,,,
,Seche,Collected Moments,Gold,Metallic,https://pearlyswirl.blogspot.com/2014/02/seiche-collected-moments.html,,,
,Seche,Lumiere,Orange,Frost,https://www.amazon.com/seche-veloce-polish-lacquer-lumiere/dp/b00a2mjfsy,,,
,Sephora by OPI,Base Coat,Clear,Base Coat,,,,
,Sephora by OPI,Base Coat,Clear,"Base Coat, Duplicate",,,,
,Sephora by OPI,A Color That Can't Be Tamed,Green,"Shimmer, Sheer",https://moriesnailart.weebly.com/blog/untried-17sephora-by-opi-a-color-that-cant-be-tamed,,,
,Sephora by OPI,Beam Me Up Hottie!,Silver,"Chunky Holo Glitter, Topper",http://oxnailsbyadriennexo.blogspot.com/2014/01/sephora-by-opi-polishes-for-just-180.html,,,
,Sephora by OPI,G-listen To Your Heart,Pink,"Chunky Glitter, Glitter, Top Coat",https://polishplatformsperfume.blogspot.com/2012/01/sephora-by-opi-jewelry-top-coats.html,,,
,Sephora by OPI,I Found a Pot of Gold!,Gold,"Chunky Holo Glitter, Glitter, Top Coat",https://polishplatformsperfume.blogspot.com/2012/01/sephora-by-opi-jewelry-top-coats.html,,,
,Sephora by OPI,Indi-go With the Flow,Blue,"Chunky Glitter, Topper",https://curbappealnails.blogspot.com/2015/03/sephora-by-opi-indi-go-with-flow-essie-armed-and-ready.html,,,
,Sephora by OPI,"Looks Like Rain, Dear",Gold,"Glitter, Holo Glitter",http://www.alllacqueredup.com/2010/12/sephora-opi-rain-dear-midnight-mambo.html,,,
,Sephora by OPI,S-age is Just a Number,Green,Duochrome,http://nailbourhood.blogspot.com/2013/07/sephora-by-opi-s-age-is-just-number.html,,,
,Sephora by OPI,What's a Tire Jack?,Black,Matte,https://misshollyberries.com/2012/09/19/sephora-by-opi-whats-a-tire-jack-matte/,,,
,Sephora Collection,Berlin Underground,Blue,"Creme, Mini",,,,
,Sephora Collection,Game Over,Gray,"Creme, Mini",,,,
,Sephora Collection,Cross The Line,Pink,"Creme, Mini",https://sephora.nnnow.com/sephora-collection-women-color-hit-nail-polish---l47-cross-the-line-KHU5825YC6K,,,
,Sephora Collection,Psychedelic,Purple,"Creme, Mini",http://www.mynailpolishonline.com/2015/07/sephora/sephora-psychedelic/,,,
,Sephora Collection,Dangerous,Red,"Shimmer, Mini",,,,
,Serum No. 5,Light Speed,Blue,"Shimmer, Glow in the Dark",https://curbappealnails.blogspot.com/2014/11/serum-no-5-light-speed-glow-skull-crossbones.html,,,
,Serum No. 5,Work Hard Play Hard,Pink,"Chunky Glitter, Crelly",https://curbappealnails.blogspot.com/2014/11/serum-no-5-fw14-work-hard-play-hard.html,,,
,Shaka,Metalgold Ref. 3,Multi,"Shifty, Shimmer, Sheer, Topper",https://curbappealnails.blogspot.com/2015/05/shaka-metalgold-stamped-with-mundo-de-unas-purple.html,,,
,Sinful Colors,Rain Song,Multi,"Duochrome, Sheer",https://www.prettygirlscience.com/2013/07/my-picks-from-sinful-colors-country.html,,,
,Sinful Colors,Rose Dust,Purple,Shimmer,http://abeautymoment.blogspot.com/2015/05/sinful-colors-nail-color-in-rose-dust.html,,,
,Sinful Colors,Shine Divine,Teal,Creme,https://www.prettygirlscience.com/2013/09/my-picks-from-sinfulshine-hot-for-shine.html,,,
,Sonia Kashuk,Dime a Dozen,Gray,"Shimmer, Metallic",https://www.vampyvarnish.com/2012/08/sonia-kashuk-nail-colour-fall-2012-swatches-review/,,,
,Sparitual,Lithophonic,Green,Shimmer,https://www.temptalia.com/sparitual-lithophonic-nail-lacquer-review-photos-swatches/,,,
,Sparitual,Slate,Gray,"Shimmer, Metallic",http://www.lucysstash.com/2012/09/gradient-tape-manicure-with-sparitual.html,,,
,Up Colors,Camuflagem,Purple,"Shimmer, Jelly",http://www.esmaltesdakelly.com/2012/02/up-colors-multicores-colecao.html,,,
,Urban Outfitters,Luster,Black,"Chunky/Regular Glitter, Jelly",,,,
,Urban Outfitters,Sea Dust,Teal,"Glitter, Shimmer",https://curbappealnails.blogspot.com/2015/03/revlon-essence-urban-outfitters-sea-dust-pressed-flowers.html,,,
,Urban Outfitters,Tutu,Gold,"Chunky Glitter, Glitter, Topper",,,,
,Wet n Wild,Black Creme - Wild Shine,Black,Creme,http://wackylaki.blogspot.com/2011/10/wet-n-wild-black-creme.html,,,
,Wet n Wild,Gray's Anatomy,Gray,"Sheer, Duochrome",http://www.scrangie.com/2011/01/wet-n-wild-grays-anatomy-versus-deborah.html,,,
,Wet n Wild,Havasu Blue - Fergie,Blue,Creme,https://curbappealnails.blogspot.com/2015/05/wet-n-wild-havasu-blue-swatches.html,,,
,What's Up Nails,Earthlike,Brown,"Duochrome Shimmer, Textured, Matte",https://whatsupbeauty.com/products/earthlike-brown-base-color-shifting-duochrome-shimmer-green-purple-geodes-collection-whats-up-nails-nail-polish,,,
,What's Up Nails,Horsehead Nebula,Purple,"Magnetic, Duochrome, Iridescent Shimmer",https://whatsupbeauty.com/products/horsehead-nebula-magnetic-purple-duochrome-iridescent-shimmer-shorter-days-collection-whats-up-nails-nail-polish,,,
,What's Up Nails,Plumingo Party,Purple,"Reflective Glitter, Iridescent Shimmer, Duochrome Shimmer",https://whatsupbeauty.com/products/plumingo-party-flash-reflective-maroon-base-color-shifting-iridescent-duochrome-shimmer-pink-orange-glitter-purple-gust-of-wind-collection-whats-up-nails-nail-polish,,,
,Wing Dust,Imagine Me n' You,Blue,"Chunky Glitter, Glitter, Shimmer",https://curbappealnails.blogspot.com/2015/04/wing-dust-imagine-me-n-you-swatches-review.html,,,
,Wing Dust,Orchid You Not!,Purple,"Chunky Glitter, Crelly, Holo Glitter, Shimmer",https://curbappealnails.blogspot.com/2015/04/wing-dust-orchid-you-not-stamped-qgirl-022.html,,,
,YSL,Khaki Arty,Brown,Creme,http://www.fashionpolish.com/2012/09/ysl-contemporary-amazon-collection-for.html,,,
,Zoya,Anais,Black,"Shimmer, Mini",http://www.kelliegonzo.com/2015/03/zoya-mystery-trio-swatches-review.html,,,
,Zoya,Aurora,Purple,"Micro Holo Glitter, Micro Glitter, Jelly",https://curbappealnails.blogspot.com/2015/03/zoya-aurora-swatches.html,,,
,Zoya,Blaze,Red,"Micro Holo Glitter, Jelly",https://curbappealnails.blogspot.com/2014/08/tribal-nail-vinyls-over-zoya-blaze.html,,,
,Zoya,Charity,Purple,Shimmer,https://curbappealnails.blogspot.com/2015/03/zoya-charity-loreal-sequin-explosion-gradient-glitter.html,,,
,Zoya,Charlotte,Beige,"Creme, Mini",http://www.kelliegonzo.com/2015/03/zoya-mystery-trio-swatches-review.html,,,
,Zoya,Cynthia,Blue,Creme,http://www.refinedandpolished.com/zoya-cynthia-with-batik-print/,,,
,Zoya,Gilda,Pink,"Glass Fleck, Jelly, Iridescent",https://lacquerslackerliz.blogspot.com/2014/03/zoya-gilda.html,,,
,Zoya,Hudson,Purple,"Shimmer, Metallic",https://curbappealnails.blogspot.com/2015/05/kawaii-stamping-with-zoya-hudson-mdu-orchid.html,,,
,Zoya,Imogen - PixieDust,Black,"Chunky Holo Glitter, Textured",http://addictedtopolish.blogspot.com/2014/12/zoya-wishes-collection-for.html,,,
,Zoya,Indigo,Blue,"Shimmer, Glitter",http://vivapolish.blogspot.com/2010/04/zoya-indigo.html,,,
,Zoya,Kiki,Pink,"Neon, Glass Fleck, Jelly",https://curbappealnails.blogspot.com/2015/02/valentines-day-stamping-part-5-zoya-kiki.html,,,
,Zoya,Kimber,Pink,Shimmer,https://lacquerslackerliz.blogspot.com/2015/02/zoya-kimber.html,,,
,Zoya,Kissy,Red,"Bar Glitter, Holo Glitter, Topper",http://justmakeitup3.blogspot.com/2012/06/zoya-kissy.html,,,
,Zoya,Lillith,Pink,"Iridescent, Shimmer",http://www.sparklecrackcentral.com/such/obsessive/addictions/zoyas_lillith,2,A,"nice formula again after thinning, thin brush good for toes"
,Zoya,Mosheen,Blue,"Bar Glitter, Iridescent Glitter, Topper",https://www.temptalia.com/zoya-dream-mosheen-payton-nail-lacquers-reviews-photos-swatches/,,,
,Zoya,Rina,Green,"Bar Glitter, Holo Glitter, Topper",https://wackylaki.blogspot.com/2012/01/zoya-holly-rina.html,,,
,Zoya,Severine,Gold,"Metallic, Mini",http://www.kelliegonzo.com/2015/03/zoya-mystery-trio-swatches-review.html,,,
,Zoya,Valerie,Purple,"Shimmer, Duochrome",https://curbappealnails.blogspot.com/2014/08/chevron-nail-art-with-zoya-valerie-and.html,,,
,Zoya,Zuza,Teal,Shimmer,http://www.lacquerreverie.com/2013/08/summer-2012-zoya-odyssey-zuza-and-kimber.html,,,
,zzz *unmarked*,zzz *unmarked*,Beige,Metallic,,,,
,zzz *unmarked*,zzz *unmarked*,Beige,Frost,,,,
,zzz *unmarked*,zzz *unmarked*,Purple,Metallic,,,,